_id,name,phone,salary,role,location,employeeId,managerId
123457,Kwabena Davis,024 5022813,80964,Sales,"Hartford, CT",236534,0
123457,Kwaku Davis,024 3166342,96627,Digital Enablement,"Hartford, CT",485778,236534
123458,Kwabena Brown,024 9552016,101362,HR,"Hartford, CT",606782,236534
123459,Michael Miller,024 4796314,113251,Sales,"Chicago, IL",116755,236534
123460,John Williams,024 7282214,95585,Sales,"Hartford, CT",282591,236534
123461,Kwame Johnson,024 0603123,81731,Marketing,"Boston, MA",232250,236534
123462,Kwabena Brown,024 6589697,98287,Marketing,"New York, NY",569351,236534
123463,Michael Johnson,024 9898577,82439,Finance,"Boston, MA",001137,236534
123464,John Johnson,024 4035971,98402,Digital Enablement,"New York, NY",534271,236534
123465,William Johnson,024 2983898,106369,Sales,"Chicago, IL",010279,236534
123466,Sarah Williams,024 1354402,104104,Finance,"Boston, MA",759552,236534
123467,Sarah Williams,024 4543207,103190,Marketing,"Boston, MA",641874,236534
123468,William Brown,024 6871237,98933,Marketing,"Hartford, CT",881302,236534
123469,Sarah Davis,024 4620253,123582,HR,"Boston, MA",021002,236534
123470,Jane Doe,024 8580030,98418,Digital Enablement,"Boston, MA",551775,236534
123471,Michael Davis,024 7580000,89158,Finance,"Chicago, IL",609672,236534
123472,John Doe,024 9251646,89002,Marketing,"Hartford, CT",801343,236534
123473,Michael Williams,024 5135880,97364,Sales,"New York, NY",765568,236534
123474,Kwaku Brown,024 2290270,92414,Marketing,"Chicago, IL",983305,236534
123475,William Williams,024 8644574,101598,Digital Enablement,"Hartford, CT",537750,236534
123476,William Boafo,024 4573161,112891,Finance,"New York, NY",796078,236534
123477,William Smith,024 6881167,101304,Marketing,"Chicago, IL",712396,236534
123478,John Williams,024 8218950,102037,Sales,"Chicago, IL",128916,236534
123479,John Johnson,024 3078393,108203,Finance,"New York, NY",011682,236534
123480,Jane Johnson,024 0124516,93376,Finance,"Boston, MA",029400,236534
123481,John Johnson,024 5432417,111999,Marketing,"Boston, MA",643263,236534
123482,Kwame Boafo,024 9858225,115746,Marketing,"New York, NY",414568,236534
123483,John Johnson,024 3576013,89290,Finance,"San Francisco, CA",980147,236534
123484,Sarah Smith,024 7650840,119730,Finance,"Chicago, IL",205321,236534
123485,Kwaku Boafo,024 3047860,113582,Sales,"Boston, MA",932305,236534
123486,John Brown,024 2470898,119951,Digital Enablement,"Boston, MA",592099,236534
123487,Kwaku Brown,024 2757871,86533,Digital Enablement,"Hartford, CT",723031,236534
123488,William Johnson,024 8621480,116854,Finance,"San Francisco, CA",525150,236534
123489,Michael Smith,024 2393309,105640,Finance,"New York, NY",757598,236534
123490,Jane Brown,024 8917183,107490,Marketing,"San Francisco, CA",463629,236534
123491,Kwame Doe,024 0283851,92598,Digital Enablement,"Hartford, CT",341213,236534
123492,Kwame Boafo,024 3064966,92837,Sales,"San Francisco, CA",686767,236534
123493,Kwame Johnson,024 7664242,123612,Marketing,"Hartford, CT",477178,236534
123494,Kwabena Williams,024 7996757,118884,Marketing,"Chicago, IL",302081,236534
123495,Kwabena Smith,024 2903096,105728,HR,"San Francisco, CA",012839,236534
123496,John Doe,024 1499486,90538,Finance,"Boston, MA",198727,236534
123497,Kwaku Smith,024 9104052,108318,HR,"Chicago, IL",286211,236534
123498,Kwaku Boafo,024 4179426,86500,Digital Enablement,"New York, NY",109129,236534
123499,Kwaku Miller,024 6039163,117058,Sales,"Chicago, IL",937740,236534
123500,Michael Johnson,024 3469848,90750,Sales,"Hartford, CT",846168,236534
123501,Michael Boafo,024 4989865,104468,Marketing,"San Francisco, CA",326113,236534
123502,Jane Miller,024 1984636,97764,Sales,"Boston, MA",051267,236534
123503,Sarah Boafo,024 3919086,107479,Sales,"Hartford, CT",399389,236534
123504,Jane Smith,024 0040168,89438,HR,"Hartford, CT",578785,236534
123505,John Williams,024 5610339,104008,Finance,"New York, NY",504639,236534
123506,Sarah Boafo,024 7695614,113504,Finance,"Boston, MA",868026,236534
123507,Kwabena Johnson,024 7093031,93193,Digital Enablement,"Hartford, CT",014230,236534
123508,Sarah Johnson,024 4947531,99458,Digital Enablement,"New York, NY",639236,236534
123509,Kwabena Johnson,024 9636180,124010,Finance,"Hartford, CT",256911,236534
123510,Kwaku Boafo,024 9958095,97452,Finance,"New York, NY",572395,236534
123511,William Miller,024 1154940,105130,Marketing,"Boston, MA",789365,236534
123512,John Doe,024 5669720,110258,HR,"New York, NY",430639,236534
123513,Kwame Miller,024 0610229,118719,Finance,"New York, NY",585998,236534
123514,Jane Miller,024 4132149,96535,Digital Enablement,"Boston, MA",548758,236534
123515,Sarah Williams,024 3228520,89618,Sales,"Boston, MA",600153,236534
123516,Kwabena Boafo,024 3202348,116016,Digital Enablement,"Hartford, CT",597158,236534
123517,William Williams,024 5124507,89451,Finance,"Chicago, IL",641315,236534
123518,Kwame Davis,024 1192474,86949,Digital Enablement,"Boston, MA",884840,236534
123519,Michael Johnson,024 3540909,112362,Sales,"Boston, MA",791345,236534
123520,William Davis,024 2952827,104673,Marketing,"Chicago, IL",385674,236534
123521,John Miller,024 1141182,80266,Digital Enablement,"Hartford, CT",005140,236534
123522,John Miller,024 8857270,106396,Sales,"New York, NY",048269,236534
123523,Jane Davis,024 7626542,96752,HR,"Chicago, IL",299586,236534
123524,John Davis,024 7392031,122102,Digital Enablement,"Chicago, IL",279686,236534
123525,Jane Smith,024 6726984,119027,Digital Enablement,"San Francisco, CA",113552,236534
123526,Kwabena Davis,024 0723335,87233,HR,"Chicago, IL",538300,236534
123527,Kwame Miller,024 2644521,95342,Finance,"Hartford, CT",298530,236534
123528,Michael Williams,024 1531189,83583,HR,"Chicago, IL",448206,236534
123529,Kwaku Williams,024 2526379,108704,HR,"Chicago, IL",048924,236534
123530,Kwabena Doe,024 8538475,105086,Marketing,"San Francisco, CA",041349,236534
123531,William Boafo,024 0278577,118848,Sales,"Chicago, IL",219115,236534
123532,John Davis,024 0126323,97726,Finance,"Hartford, CT",138687,236534
123533,Kwaku Davis,024 9972679,92317,HR,"Hartford, CT",740277,236534
123534,Kwabena Williams,024 0078940,96569,HR,"Boston, MA",956774,236534
123535,Kwabena Doe,024 6661322,92640,Digital Enablement,"San Francisco, CA",627599,236534
123536,Kwabena Brown,024 5457867,88186,Digital Enablement,"Hartford, CT",722390,236534
123537,Michael Smith,024 3815475,97237,Sales,"Boston, MA",955708,236534
123538,Kwame Boafo,024 2280070,118629,Digital Enablement,"New York, NY",559028,236534
123539,William Boafo,024 1928269,116604,Sales,"Hartford, CT",808449,236534
123540,Kwame Williams,024 2424669,112026,HR,"Chicago, IL",813753,236534
123541,Kwabena Smith,024 3073032,93087,HR,"New York, NY",577273,236534
123542,John Johnson,024 1789463,86950,Digital Enablement,"San Francisco, CA",492155,236534
123543,Kwame Davis,024 2981777,103630,Sales,"Boston, MA",181217,236534
123544,Michael Miller,024 1936286,104132,Sales,"Hartford, CT",241451,236534
123545,Kwaku Brown,024 3765484,86017,Sales,"San Francisco, CA",534257,236534
123546,William Smith,024 5045918,102616,Sales,"Chicago, IL",576414,236534
123547,Kwame Boafo,024 6128301,102636,Sales,"Hartford, CT",293352,236534
123548,John Brown,024 5683722,94944,Marketing,"Chicago, IL",045384,236534
123549,Kwaku Williams,024 8988230,116686,HR,"New York, NY",494904,236534
123550,Sarah Miller,024 1255617,108080,HR,"Boston, MA",493471,236534
123551,Kwaku Doe,024 4081395,102429,Digital Enablement,"Boston, MA",661145,236534
123552,William Doe,024 6899117,99222,Digital Enablement,"San Francisco, CA",815198,236534
123553,Michael Smith,024 7587312,91976,Finance,"Boston, MA",077387,236534
123554,Kwame Brown,024 3307571,115576,HR,"New York, NY",131099,236534
123555,William Doe,024 1775314,100372,Sales,"Chicago, IL",953399,236534
123556,Kwabena Davis,024 2272289,113410,Finance,"Hartford, CT",032309,236534
123557,Michael Smith,024 1797527,114290,Marketing,"Boston, MA",085855,236534
123558,Michael Johnson,024 2044052,92418,Digital Enablement,"Boston, MA",014045,236534
123559,Kwabena Brown,024 6164228,103825,Digital Enablement,"Hartford, CT",864717,236534
123560,Jane Boafo,024 1379020,88712,Digital Enablement,"San Francisco, CA",271248,236534
123561,Kwaku Doe,024 8244036,93055,Marketing,"New York, NY",382816,236534
123562,Michael Johnson,024 4589902,87086,Finance,"San Francisco, CA",802888,236534
123563,Kwaku Boafo,024 8502382,116852,Digital Enablement,"Hartford, CT",190168,236534
123564,Sarah Smith,024 6302960,99295,Digital Enablement,"Boston, MA",253606,236534
123565,John Brown,024 2697110,92677,HR,"Chicago, IL",773819,236534
123566,John Boafo,024 6308295,111492,Finance,"Chicago, IL",499865,236534
123567,William Smith,024 2065221,104083,Finance,"San Francisco, CA",143514,236534
123568,Jane Smith,024 3667805,82074,Digital Enablement,"Hartford, CT",921514,236534
123569,Kwabena Williams,024 9155629,108186,Sales,"Boston, MA",227727,236534
123570,Sarah Boafo,024 8302063,85871,Finance,"San Francisco, CA",101233,236534
123571,Kwame Miller,024 0505032,93387,HR,"Boston, MA",049322,236534
123572,Michael Davis,024 8147200,100050,HR,"New York, NY",610284,236534
123573,William Boafo,024 5870929,107515,HR,"New York, NY",784747,236534
123574,Kwabena Brown,024 9719342,94807,Marketing,"New York, NY",874940,236534
123575,William Doe,024 9159093,96098,Marketing,"San Francisco, CA",492811,236534
123576,Jane Williams,024 9125626,119139,Finance,"Boston, MA",615419,236534
123577,Kwame Brown,024 7398902,82065,Marketing,"New York, NY",689044,236534
123578,John Williams,024 1786054,89073,Finance,"San Francisco, CA",069812,236534
123579,William Smith,024 3778282,86060,HR,"Hartford, CT",923177,236534
123580,Sarah Miller,024 8840457,94418,Finance,"Hartford, CT",095994,236534
123581,Kwaku Smith,024 0025281,111398,Digital Enablement,"New York, NY",892281,236534
123582,John Johnson,024 1696064,107529,Digital Enablement,"New York, NY",253522,236534
123583,John Brown,024 9291971,111735,Marketing,"Hartford, CT",937380,236534
123584,John Boafo,024 7629664,120054,Finance,"Hartford, CT",844823,236534
123585,Jane Miller,024 3014981,122076,Marketing,"San Francisco, CA",423279,236534
123586,Sarah Miller,024 0363768,93545,Sales,"Boston, MA",015480,236534
123587,Kwame Williams,024 8798457,114840,HR,"Boston, MA",952110,236534
123588,Sarah Smith,024 0575136,116991,HR,"Hartford, CT",115712,236534
123589,Michael Brown,024 0909656,104411,HR,"New York, NY",183222,236534
123590,John Smith,024 8834523,96864,HR,"Chicago, IL",216053,236534
123591,Kwame Boafo,024 1814768,105570,HR,"Chicago, IL",105899,236534
123592,Jane Davis,024 2621009,102726,Sales,"Boston, MA",081564,236534
123593,Sarah Smith,024 7563118,103361,Digital Enablement,"New York, NY",142468,236534
123594,William Johnson,024 9614502,118191,Finance,"Boston, MA",831193,236534
123595,Jane Johnson,024 8176628,124984,Marketing,"Hartford, CT",109733,236534
123596,John Boafo,024 0350402,112911,HR,"New York, NY",292322,236534
123597,Sarah Brown,024 6432182,115979,Finance,"New York, NY",914368,236534
123598,William Williams,024 7437831,101535,Sales,"Hartford, CT",203098,236534
123599,Sarah Brown,024 2109802,97101,Finance,"Hartford, CT",427850,236534
123600,Kwaku Johnson,024 5014872,108836,Digital Enablement,"Hartford, CT",939761,236534
123601,Michael Smith,024 6493347,115372,Finance,"Boston, MA",131958,236534
123602,Sarah Brown,024 6277893,114137,HR,"Chicago, IL",806583,236534
123603,Kwame Doe,024 5272887,118459,Marketing,"San Francisco, CA",055830,236534
123604,Jane Doe,024 9189519,122730,Sales,"San Francisco, CA",533535,236534
123605,Kwame Davis,024 2924754,91706,Sales,"Boston, MA",457715,236534
123606,Sarah Johnson,024 7767653,118780,Finance,"Hartford, CT",337964,236534
123607,John Boafo,024 4293786,81622,Sales,"New York, NY",911938,236534
123608,Kwabena Miller,024 5127949,93135,Marketing,"Chicago, IL",972909,236534
123609,John Brown,024 0574398,101713,HR,"New York, NY",927501,236534
123610,Kwaku Smith,024 5107126,87376,Finance,"Hartford, CT",728829,236534
123611,Sarah Johnson,024 2971523,104392,Sales,"Hartford, CT",899288,236534
123612,William Williams,024 5309795,82878,HR,"Hartford, CT",405080,236534
123613,Kwabena Boafo,024 6278422,112356,Finance,"Chicago, IL",753022,236534
123614,Kwame Davis,024 6523682,110135,Marketing,"San Francisco, CA",164776,236534
123615,John Boafo,024 7887436,110071,Sales,"Boston, MA",010775,236534
123616,Kwaku Miller,024 8664024,102470,Finance,"San Francisco, CA",100206,236534
123617,Sarah Davis,024 9133835,116371,Marketing,"Chicago, IL",788090,236534
123618,Kwaku Davis,024 5534612,112646,HR,"Boston, MA",135252,236534
123619,Sarah Boafo,024 2784266,97759,HR,"Chicago, IL",159413,236534
123620,Kwaku Doe,024 3094525,111843,Sales,"San Francisco, CA",352518,236534
123621,Sarah Boafo,024 6362033,111272,Marketing,"Boston, MA",947889,236534
123622,Kwame Miller,024 7358931,116961,Marketing,"New York, NY",439462,236534
123623,Jane Smith,024 2452116,95536,Marketing,"Hartford, CT",139344,236534
123624,Kwaku Williams,024 7290751,92647,Marketing,"New York, NY",630940,236534
123625,Jane Smith,024 1101550,119522,Finance,"Hartford, CT",319661,236534
123626,Kwabena Williams,024 4900075,82878,Digital Enablement,"Chicago, IL",982575,236534
123627,William Doe,024 2725923,81229,Digital Enablement,"San Francisco, CA",412688,236534
123628,Kwabena Miller,024 7573787,87484,HR,"Hartford, CT",095366,236534
123629,John Doe,024 7197288,86794,Marketing,"New York, NY",642707,236534
123630,Kwame Williams,024 5961396,91621,Finance,"San Francisco, CA",766106,236534
123631,Kwabena Boafo,024 9531424,109964,HR,"New York, NY",177777,236534
123632,Kwaku Williams,024 6610710,105900,Marketing,"San Francisco, CA",748437,236534
123633,Jane Doe,024 6787877,108433,HR,"Chicago, IL",205054,236534
123634,Kwaku Williams,024 7015673,116598,Marketing,"Boston, MA",184741,236534
123635,John Davis,024 5777680,80295,Finance,"Hartford, CT",556305,236534
123636,Sarah Johnson,024 0037787,84564,Finance,"San Francisco, CA",883969,236534
123637,John Miller,024 6673370,85510,Digital Enablement,"Boston, MA",818938,236534
123638,Kwabena Davis,024 3585693,121930,Digital Enablement,"San Francisco, CA",557839,236534
123639,John Brown,024 5998160,105045,Sales,"Boston, MA",002049,236534
123640,William Smith,024 4479423,82039,Marketing,"Hartford, CT",940017,236534
123641,Kwaku Brown,024 4696863,84326,Marketing,"San Francisco, CA",536216,236534
123642,Kwabena Williams,024 9141585,119739,Sales,"Boston, MA",769470,236534
123643,Kwabena Doe,024 0912313,92130,Marketing,"New York, NY",248526,236534
123644,Sarah Doe,024 8166058,98734,Digital Enablement,"Hartford, CT",810278,236534
123645,John Smith,024 8482500,117025,Marketing,"Hartford, CT",052873,236534
123646,Jane Boafo,024 6418808,113597,Marketing,"Hartford, CT",553985,236534
123647,Jane Doe,024 3225997,96558,Finance,"Hartford, CT",596241,236534
123648,Kwaku Brown,024 5256270,90487,Finance,"Hartford, CT",717934,236534
123649,Sarah Smith,024 5990279,93681,Digital Enablement,"New York, NY",179359,236534
123650,Kwabena Doe,024 0887271,96716,HR,"Boston, MA",484423,236534
123651,Kwabena Smith,024 0086236,94167,Digital Enablement,"Hartford, CT",988714,236534
123652,Kwame Boafo,024 4028228,101437,Digital Enablement,"San Francisco, CA",716453,236534
123653,John Davis,024 6374991,122305,Sales,"Hartford, CT",724642,236534
123654,Sarah Boafo,024 9336575,115863,Sales,"Hartford, CT",755923,236534
123655,Kwame Johnson,024 8081956,115021,Sales,"San Francisco, CA",579218,236534
123656,Kwaku Smith,024 2788420,104733,Digital Enablement,"Hartford, CT",411059,236534
123657,William Smith,024 9481350,103978,Marketing,"Boston, MA",692836,236534
123658,William Brown,024 8902738,82039,Finance,"Chicago, IL",821324,236534
123659,Kwabena Brown,024 4688287,89811,Finance,"Chicago, IL",761556,236534
123660,Kwame Doe,024 3281345,109546,Finance,"Chicago, IL",855899,236534
123661,John Johnson,024 8221524,96078,Sales,"Hartford, CT",354021,236534
123662,Kwabena Boafo,024 3341909,98481,HR,"San Francisco, CA",666365,236534
123663,Kwame Johnson,024 3196140,93812,Digital Enablement,"New York, NY",511715,236534
123664,Jane Smith,024 1667358,94439,Finance,"Chicago, IL",091496,236534
123665,Kwame Miller,024 2654753,115858,Digital Enablement,"Boston, MA",982225,236534
123666,Kwabena Williams,024 2426449,124219,Marketing,"San Francisco, CA",192431,236534
123667,William Williams,024 0359872,97230,Sales,"New York, NY",001785,236534
123668,Kwabena Davis,024 9410357,112487,Finance,"Chicago, IL",927703,236534
123669,Jane Davis,024 1786221,89197,Digital Enablement,"New York, NY",610328,236534
123670,Kwaku Johnson,024 7568877,96081,HR,"Boston, MA",909328,236534
123671,Kwabena Williams,024 5722400,122123,HR,"New York, NY",347482,236534
123672,Jane Miller,024 6760724,118787,Digital Enablement,"Chicago, IL",960167,236534
123673,Jane Smith,024 8193320,90670,Sales,"Boston, MA",150644,236534
123674,John Brown,024 6466946,94015,Digital Enablement,"New York, NY",165045,236534
123675,Kwaku Doe,024 0248541,101993,Marketing,"New York, NY",693490,236534
123676,William Doe,024 1621067,92966,Sales,"Hartford, CT",517670,236534
123677,Kwaku Johnson,024 4474975,97010,Sales,"San Francisco, CA",492428,236534
123678,Sarah Brown,024 1692382,106936,Finance,"Chicago, IL",077506,236534
123679,Jane Williams,024 9138766,110064,Digital Enablement,"Boston, MA",503118,236534
123680,William Johnson,024 7301192,109456,Sales,"Hartford, CT",930223,236534
123681,Kwabena Johnson,024 3866634,97726,Finance,"Boston, MA",663245,236534
123682,Sarah Davis,024 5306388,114543,Digital Enablement,"San Francisco, CA",518882,236534
123683,Kwame Davis,024 7504848,115200,HR,"Hartford, CT",835450,236534
123684,John Boafo,024 3980488,102238,Finance,"Chicago, IL",143525,236534
123685,Sarah Doe,024 9921447,111794,Digital Enablement,"Hartford, CT",135783,236534
123686,Kwabena Davis,024 1255886,116231,Marketing,"Boston, MA",823633,236534
123687,Kwabena Williams,024 5928085,106325,Finance,"Chicago, IL",167583,236534
123688,Sarah Johnson,024 5229139,127282,HR,"New York, NY",045731,236534
123689,William Brown,024 3302559,117369,HR,"Hartford, CT",396482,236534
123690,William Doe,024 1311997,99831,Marketing,"Hartford, CT",983915,236534
123691,Kwaku Boafo,024 6969803,81677,Digital Enablement,"Chicago, IL",808813,236534
123692,Kwaku Williams,024 4796013,105066,Sales,"Hartford, CT",949130,236534
123693,John Doe,024 8782210,115006,Finance,"Chicago, IL",279454,236534
123694,Kwaku Davis,024 9120771,93382,Sales,"San Francisco, CA",534141,236534
123695,Kwaku Davis,024 2427116,102756,Sales,"Chicago, IL",908208,236534
123696,William Boafo,024 6376822,94440,Sales,"New York, NY",425891,236534
123697,Kwaku Davis,024 4364549,96762,Marketing,"Boston, MA",289873,236534
123698,William Williams,024 4807695,100695,Marketing,"Chicago, IL",970290,236534
123699,Kwaku Doe,024 5790198,109704,Marketing,"San Francisco, CA",370890,236534
123700,Sarah Johnson,024 2546272,100984,Marketing,"Hartford, CT",992440,236534
123701,Michael Brown,024 6862189,97166,Finance,"Chicago, IL",010353,236534
123702,Michael Doe,024 6063000,90630,Sales,"Hartford, CT",620152,236534
123703,Kwabena Boafo,024 9375606,110916,Finance,"Hartford, CT",152881,236534
123704,Kwame Boafo,024 4640629,90962,Sales,"Boston, MA",253536,236534
123705,Michael Miller,024 2319433,121221,Marketing,"San Francisco, CA",508904,236534
123706,Jane Johnson,024 7277876,93671,Sales,"Chicago, IL",973833,236534
123707,Sarah Davis,024 0321782,100749,Sales,"Boston, MA",095025,236534
123708,Kwabena Johnson,024 2070066,111250,HR,"Hartford, CT",262587,236534
123709,Michael Smith,024 3832469,104452,Digital Enablement,"Chicago, IL",839026,236534
123710,Sarah Miller,024 8706161,112604,Digital Enablement,"New York, NY",210418,236534
123711,Kwame Williams,024 9889601,105950,Sales,"Hartford, CT",023997,236534
123712,William Smith,024 1592913,121226,Digital Enablement,"Boston, MA",071016,236534
123713,Michael Brown,024 7620467,91777,Finance,"San Francisco, CA",899755,236534
123714,Jane Johnson,024 9084590,88342,Finance,"New York, NY",557840,236534
123715,Sarah Brown,024 5829386,102113,HR,"San Francisco, CA",997095,236534
123716,William Brown,024 9391599,98332,Digital Enablement,"San Francisco, CA",881893,236534
123717,Sarah Williams,024 5083566,95683,Sales,"Boston, MA",346796,236534
123718,Jane Davis,024 3752327,110908,Digital Enablement,"Chicago, IL",531066,236534
123719,Kwame Miller,024 9392184,97055,HR,"New York, NY",572371,236534
123720,Michael Williams,024 6437870,94540,Marketing,"San Francisco, CA",034447,236534
123721,Kwaku Doe,024 2451963,100660,HR,"San Francisco, CA",118090,236534
123722,Michael Miller,024 6463565,111558,Digital Enablement,"Hartford, CT",430207,236534
123723,Sarah Doe,024 1181964,128105,HR,"San Francisco, CA",119518,236534
123724,Kwame Smith,024 7249833,97733,Digital Enablement,"New York, NY",252843,236534
123725,William Smith,024 3625381,116971,Sales,"San Francisco, CA",128411,236534
123726,Michael Brown,024 9232358,104747,Marketing,"New York, NY",598694,236534
123727,Michael Boafo,024 8116797,112231,Finance,"New York, NY",653763,236534
123728,Jane Smith,024 3727639,92922,Sales,"San Francisco, CA",962542,236534
123729,John Williams,024 7927686,111599,Digital Enablement,"San Francisco, CA",570085,236534
123730,William Boafo,024 4226411,99329,HR,"New York, NY",350194,236534
123731,John Boafo,024 4314680,107516,Marketing,"Hartford, CT",358468,236534
123732,John Williams,024 4971233,108270,Finance,"Hartford, CT",772916,236534
123733,Kwame Boafo,024 7702328,104166,HR,"Boston, MA",707435,236534
123734,Kwame Williams,024 9962883,115429,HR,"New York, NY",260041,236534
123735,Sarah Williams,024 8351402,95345,Sales,"San Francisco, CA",978945,236534
123736,Kwame Williams,024 5292273,100319,HR,"Boston, MA",704307,236534
123737,Kwabena Miller,024 6166626,99416,Marketing,"Boston, MA",106052,236534
123738,Kwame Doe,024 8351914,101542,HR,"Hartford, CT",007531,236534
123739,Kwabena Johnson,024 6922158,105431,Digital Enablement,"Boston, MA",554748,236534
123740,Jane Johnson,024 8089813,102280,HR,"San Francisco, CA",569290,236534
123741,Kwaku Davis,024 1283282,111969,Marketing,"San Francisco, CA",335855,236534
123742,John Miller,024 4897342,85324,Digital Enablement,"Boston, MA",611505,236534
123743,William Doe,024 5095352,117113,Finance,"Hartford, CT",068172,236534
123744,Kwaku Brown,024 2693803,94176,HR,"Chicago, IL",902600,236534
123745,Michael Davis,024 5175535,85448,Sales,"Hartford, CT",509104,236534
123746,Jane Boafo,024 9392110,105584,Marketing,"Boston, MA",040651,236534
123747,William Doe,024 3600089,121044,HR,"Boston, MA",071320,236534
123748,Sarah Doe,024 4445172,85955,HR,"New York, NY",175229,236534
123749,Michael Doe,024 7918503,101897,Digital Enablement,"Hartford, CT",332153,236534
123750,Jane Smith,024 9060852,97957,Finance,"Hartford, CT",533893,236534
123751,William Miller,024 5149901,95833,Digital Enablement,"Chicago, IL",104302,236534
123752,John Smith,024 9685372,84155,Sales,"Chicago, IL",981127,236534
123753,Kwame Davis,024 4990391,104967,Digital Enablement,"San Francisco, CA",455646,236534
123754,Kwabena Davis,024 0800745,115403,Sales,"Hartford, CT",477924,236534
123755,Jane Miller,024 8420226,100881,Finance,"San Francisco, CA",891662,236534
123756,Kwaku Smith,024 3655322,112850,Sales,"Boston, MA",635690,236534
123757,John Doe,024 0980291,92594,Marketing,"Chicago, IL",014042,236534
123758,Michael Doe,024 0319319,93488,Digital Enablement,"Boston, MA",357583,236534
123759,Kwaku Boafo,024 6775990,98554,Sales,"New York, NY",987455,236534
123760,Kwame Davis,024 1831914,90348,Finance,"Hartford, CT",725476,236534
123761,Kwabena Davis,024 2815142,94977,Marketing,"New York, NY",499877,236534
123762,Kwaku Miller,024 5478969,97955,HR,"Chicago, IL",522326,236534
123763,Kwabena Brown,024 4491144,122623,Marketing,"San Francisco, CA",774984,236534
123764,John Miller,024 6756147,107905,Digital Enablement,"Hartford, CT",464558,236534
123765,Kwaku Johnson,024 8375458,93888,HR,"San Francisco, CA",641351,236534
123766,Michael Johnson,024 0251062,100318,Marketing,"Hartford, CT",069338,236534
123767,Sarah Miller,024 9909409,83908,HR,"Hartford, CT",947282,236534
123768,Jane Boafo,024 0435817,82710,HR,"Chicago, IL",079227,236534
123769,Jane Smith,024 6000993,100322,Digital Enablement,"Chicago, IL",384034,236534
123770,Sarah Davis,024 2603917,114913,Marketing,"Boston, MA",925341,236534
123771,Michael Brown,024 4827996,112766,Sales,"Hartford, CT",702103,236534
123772,Michael Smith,024 0925193,108397,Sales,"Chicago, IL",215711,236534
123773,Kwaku Johnson,024 4609675,93367,Digital Enablement,"Hartford, CT",264789,236534
123774,Jane Doe,024 8582929,108252,Finance,"Chicago, IL",871054,236534
123775,Kwame Doe,024 8554107,91832,Digital Enablement,"San Francisco, CA",787597,236534
123776,Kwabena Brown,024 3994840,95301,Digital Enablement,"Hartford, CT",974083,236534
123777,Kwame Williams,024 8632451,105470,HR,"New York, NY",659082,236534
123778,William Boafo,024 9905489,95857,Finance,"New York, NY",763528,236534
123779,Kwaku Brown,024 0465976,118853,Digital Enablement,"New York, NY",607023,236534
123780,Kwabena Williams,024 5158486,122418,Digital Enablement,"Hartford, CT",721080,236534
123781,Kwabena Smith,024 6508350,98122,Sales,"Chicago, IL",244953,236534
123782,Kwabena Johnson,024 3399136,90183,Marketing,"San Francisco, CA",845084,236534
123783,Kwame Boafo,024 7650572,110603,Digital Enablement,"Hartford, CT",057555,236534
123784,Michael Smith,024 9416910,101165,Sales,"San Francisco, CA",033406,236534
123785,Kwaku Boafo,024 0387470,91481,Finance,"Hartford, CT",998796,236534
123786,Sarah Davis,024 8520411,89401,Marketing,"New York, NY",523019,236534
123787,Michael Smith,024 2284413,112710,HR,"San Francisco, CA",134380,236534
123788,Kwabena Miller,024 6501083,119873,Sales,"Hartford, CT",486900,236534
123789,Kwame Johnson,024 2813413,110131,Finance,"Chicago, IL",175246,236534
123790,Sarah Miller,024 2725172,108505,Digital Enablement,"New York, NY",976305,236534
123791,Kwabena Davis,024 6350532,128641,Marketing,"New York, NY",934047,236534
123792,William Miller,024 6851726,110782,HR,"Boston, MA",221577,236534
123793,Jane Boafo,024 2014797,114160,HR,"Boston, MA",229427,236534
123794,Kwabena Johnson,024 9556198,105268,Marketing,"Boston, MA",802663,236534
123795,Sarah Brown,024 2432367,97777,HR,"Chicago, IL",592714,236534
123796,Michael Miller,024 5114409,93663,Finance,"Boston, MA",321132,236534
123797,John Davis,024 2544980,110568,HR,"Boston, MA",138740,236534
123798,John Miller,024 9288423,80254,Marketing,"Boston, MA",019035,236534
123799,Kwaku Williams,024 0533698,111015,Marketing,"Chicago, IL",579083,236534
123800,Michael Doe,024 4971582,124287,HR,"San Francisco, CA",446094,236534
123801,Michael Miller,024 7727248,113208,Marketing,"Chicago, IL",567535,236534
123802,Sarah Doe,024 6896735,100698,Finance,"San Francisco, CA",686625,236534
123803,Kwame Brown,024 5354819,85853,Sales,"Chicago, IL",789500,236534
123804,Kwabena Miller,024 5965499,111459,Digital Enablement,"Chicago, IL",884105,236534
123805,John Doe,024 4149278,121945,Sales,"New York, NY",969976,236534
123806,Kwabena Johnson,024 1612780,87069,Sales,"Chicago, IL",246387,236534
123807,Jane Miller,024 0111208,111275,Sales,"Chicago, IL",957828,236534
123808,Kwaku Williams,024 2129556,90080,Marketing,"San Francisco, CA",699110,236534
123809,Jane Doe,024 1665175,88069,HR,"Boston, MA",853950,236534
123810,Kwabena Smith,024 5996565,93792,HR,"Chicago, IL",739312,236534
123811,John Williams,024 9364185,92852,Finance,"San Francisco, CA",393300,236534
123812,Michael Davis,024 8849489,118884,Digital Enablement,"Chicago, IL",601647,236534
123813,Kwaku Miller,024 9365286,117960,HR,"Chicago, IL",131895,236534
123814,John Doe,024 8427182,115689,HR,"Boston, MA",356366,236534
123815,Kwaku Boafo,024 1103013,99737,Sales,"Chicago, IL",746483,236534
123816,Kwame Brown,024 3412705,90167,Digital Enablement,"Hartford, CT",463812,236534
123817,Michael Brown,024 1134530,118271,Sales,"Hartford, CT",412673,236534
123818,Sarah Miller,024 5491323,90436,Sales,"Chicago, IL",177070,236534
123819,William Boafo,024 0006985,96359,Marketing,"Chicago, IL",628430,236534
123820,John Brown,024 4684230,103422,Digital Enablement,"Hartford, CT",970811,236534
123821,Sarah Brown,024 4211263,88145,Marketing,"Chicago, IL",973510,236534
123822,Kwaku Davis,024 9572032,89063,Finance,"San Francisco, CA",497334,236534
123823,Kwabena Smith,024 6907680,123599,Sales,"Hartford, CT",384959,236534
123824,Sarah Brown,024 9848833,98119,Marketing,"Chicago, IL",936160,236534
123825,Michael Johnson,024 9691810,87275,HR,"Boston, MA",786457,236534
123826,Kwabena Davis,024 6384859,102621,Sales,"San Francisco, CA",239393,236534
123827,William Miller,024 0551321,100058,Sales,"San Francisco, CA",441646,236534
123828,Jane Johnson,024 3530243,98638,Digital Enablement,"Hartford, CT",843415,236534
123829,Jane Miller,024 7775432,83681,Marketing,"San Francisco, CA",695599,236534
123830,Sarah Davis,024 7824430,94436,Sales,"Chicago, IL",181286,236534
123831,Sarah Brown,024 1005584,110832,Sales,"New York, NY",724497,236534
123832,Jane Boafo,024 6594762,120542,Digital Enablement,"Hartford, CT",620708,236534
123833,Kwaku Brown,024 7970971,99486,HR,"Boston, MA",380815,236534
123834,William Davis,024 3227971,105538,Digital Enablement,"San Francisco, CA",597597,236534
123835,John Boafo,024 8219742,115499,Sales,"New York, NY",368437,236534
123836,Michael Miller,024 3941901,120961,Finance,"San Francisco, CA",072760,236534
123837,William Johnson,024 2281228,112813,Marketing,"San Francisco, CA",650850,236534
123838,William Williams,024 4581813,102583,HR,"Hartford, CT",642686,236534
123839,Jane Williams,024 6285378,126660,Sales,"Hartford, CT",010618,236534
123840,Michael Johnson,024 7385136,91820,Marketing,"Boston, MA",454013,236534
123841,William Doe,024 6269121,96304,Marketing,"Hartford, CT",383236,236534
123842,John Johnson,024 2576789,106691,HR,"Hartford, CT",877212,236534
123843,Michael Boafo,024 4239805,91024,Marketing,"Boston, MA",694345,236534
123844,Sarah Boafo,024 6716396,107879,Marketing,"New York, NY",809691,236534
123845,Michael Smith,024 9243906,107989,HR,"Hartford, CT",595935,236534
123846,Kwabena Brown,024 2726693,108259,Sales,"Hartford, CT",599033,236534
123847,Kwaku Smith,024 7013900,110522,Sales,"New York, NY",129274,236534
123848,William Smith,024 1595322,115578,HR,"New York, NY",482742,236534
123849,Kwame Davis,024 7984864,95354,Digital Enablement,"Boston, MA",355990,236534
123850,Kwame Davis,024 0319543,92543,Marketing,"New York, NY",250095,236534
123851,Sarah Johnson,024 9735642,118716,Sales,"San Francisco, CA",703599,236534
123852,John Williams,024 8540442,113807,Digital Enablement,"Chicago, IL",417439,236534
123853,Sarah Smith,024 7881839,84805,Digital Enablement,"Hartford, CT",830540,236534
123854,Kwame Boafo,024 6451376,97633,Finance,"Hartford, CT",780033,236534
123855,John Davis,024 4178799,99957,Finance,"New York, NY",970416,236534
123856,Jane Smith,024 4208450,86990,Sales,"San Francisco, CA",993981,236534
123857,William Davis,024 7752710,122459,HR,"Hartford, CT",305377,236534
123858,William Johnson,024 9539465,110844,Digital Enablement,"San Francisco, CA",118876,236534
123859,Kwaku Miller,024 7832809,111492,Digital Enablement,"San Francisco, CA",680392,236534
123860,Kwabena Williams,024 8724879,89171,Finance,"Hartford, CT",298381,236534
123861,William Davis,024 6581123,114372,Sales,"San Francisco, CA",188528,236534
123862,Kwabena Williams,024 5575122,113590,Digital Enablement,"New York, NY",367325,236534
123863,William Doe,024 1917268,99247,Digital Enablement,"Chicago, IL",202946,236534
123864,John Boafo,024 2215429,101425,Finance,"Boston, MA",134272,236534
123865,William Smith,024 6668515,111288,Sales,"Boston, MA",737534,236534
123866,Jane Boafo,024 1956855,82155,HR,"San Francisco, CA",239772,236534
123867,Sarah Williams,024 4404034,90711,Marketing,"Hartford, CT",606058,236534
123868,Sarah Williams,024 8214286,82924,Finance,"San Francisco, CA",047264,236534
123869,Michael Brown,024 9138441,110779,Digital Enablement,"San Francisco, CA",950149,236534
123870,William Davis,024 1069365,100756,Finance,"Boston, MA",440555,236534
123871,William Miller,024 3757717,116716,Finance,"San Francisco, CA",979661,236534
123872,Kwabena Davis,024 4292173,97641,Sales,"Chicago, IL",564536,236534
123873,Kwaku Boafo,024 1141459,115257,Sales,"San Francisco, CA",360190,236534
123874,Kwabena Johnson,024 3960456,109960,Finance,"Chicago, IL",865604,236534
123875,Kwaku Williams,024 2673827,106289,Sales,"San Francisco, CA",027889,236534
123876,Sarah Miller,024 7608213,97491,Marketing,"Chicago, IL",953899,236534
123877,William Smith,024 1573852,106048,HR,"Boston, MA",120173,236534
123878,William Miller,024 7169481,114981,Sales,"Hartford, CT",021884,236534
123879,William Doe,024 1268022,108743,Marketing,"Hartford, CT",947198,236534
123880,William Miller,024 5386787,107078,Digital Enablement,"San Francisco, CA",597460,236534
123881,Kwaku Smith,024 2558306,98840,Finance,"Hartford, CT",970084,236534
123882,Kwaku Smith,024 2571757,102648,Marketing,"Hartford, CT",056172,236534
123883,Kwame Miller,024 0455885,104064,HR,"Hartford, CT",891502,236534
123884,William Williams,024 3042858,106281,Sales,"Boston, MA",222654,236534
123885,William Boafo,024 7302546,99857,Sales,"Boston, MA",148629,236534
123886,Kwaku Smith,024 5187886,114269,Marketing,"San Francisco, CA",274176,236534
123887,John Brown,024 2505172,96085,Sales,"Hartford, CT",091077,236534
123888,William Miller,024 1076390,108399,HR,"Hartford, CT",531193,236534
123889,William Davis,024 8142811,103089,Finance,"Hartford, CT",992994,236534
123890,Michael Brown,024 9699215,96108,Marketing,"Boston, MA",554502,236534
123891,Sarah Johnson,024 0751138,103125,Sales,"New York, NY",462644,236534
123892,Kwabena Williams,024 8760680,94668,Finance,"Boston, MA",497326,236534
123893,Kwame Miller,024 1108593,111237,Digital Enablement,"San Francisco, CA",912269,236534
123894,Kwame Smith,024 6396854,129109,HR,"New York, NY",780052,236534
123895,Kwame Miller,024 2188905,117547,Finance,"Boston, MA",210946,236534
123896,Jane Williams,024 7582329,109900,Marketing,"Chicago, IL",981709,236534
123897,Michael Johnson,024 1599557,119225,Marketing,"Chicago, IL",100998,236534
123898,Kwame Doe,024 8890067,95568,Digital Enablement,"Hartford, CT",102397,236534
123899,William Johnson,024 9167809,97052,Digital Enablement,"New York, NY",614646,236534
123900,William Doe,024 4499924,105848,Digital Enablement,"New York, NY",323843,236534
123901,Sarah Davis,024 5123263,121754,Digital Enablement,"Hartford, CT",412108,236534
123902,Kwaku Boafo,024 1430592,103917,HR,"Boston, MA",532692,236534
123903,John Davis,024 2932008,127287,Sales,"San Francisco, CA",275355,236534
123904,Kwame Williams,024 1977729,103770,Sales,"Hartford, CT",141391,236534
123905,William Miller,024 1342141,107247,Digital Enablement,"Chicago, IL",170876,236534
123906,Kwame Davis,024 6663064,118556,Sales,"New York, NY",376115,236534
123907,Kwame Miller,024 1726309,114067,Sales,"Hartford, CT",966527,236534
123908,Sarah Johnson,024 5735373,117834,HR,"New York, NY",143412,236534
123909,William Boafo,024 5591558,110152,HR,"Boston, MA",017275,236534
123910,Sarah Johnson,024 1329951,119759,Sales,"San Francisco, CA",485996,236534
123911,Michael Williams,024 0306566,114341,Digital Enablement,"San Francisco, CA",379458,236534
123912,Sarah Smith,024 3655762,108843,Digital Enablement,"New York, NY",944043,236534
123913,Michael Boafo,024 5058289,86123,Finance,"Chicago, IL",780553,236534
123914,John Smith,024 0397792,80071,HR,"San Francisco, CA",369592,236534
123915,Michael Doe,024 4078671,108511,Finance,"San Francisco, CA",693102,236534
123916,Sarah Smith,024 7840995,128954,Finance,"Chicago, IL",548306,236534
123917,Michael Miller,024 2993400,95667,Sales,"San Francisco, CA",512098,236534
123918,Michael Johnson,024 7657841,93421,Finance,"Hartford, CT",924433,236534
123919,William Brown,024 7949361,117168,HR,"Hartford, CT",313807,236534
123920,Kwame Brown,024 7465615,118164,Marketing,"New York, NY",367978,236534
123921,Michael Williams,024 1352454,116421,Digital Enablement,"Hartford, CT",284045,236534
123922,William Davis,024 6924058,125213,Marketing,"New York, NY",116755,236534
123923,Michael Boafo,024 9598363,86001,Digital Enablement,"New York, NY",048757,236534
123924,Kwaku Smith,024 5915995,105673,Sales,"Boston, MA",382942,236534
123925,Kwame Doe,024 7191598,101079,Sales,"New York, NY",505518,236534
123926,Kwabena Doe,024 8187170,118183,Finance,"San Francisco, CA",139210,236534
123927,Jane Smith,024 8035109,117133,HR,"Hartford, CT",358664,236534
123928,Sarah Williams,024 2774631,91252,Marketing,"San Francisco, CA",014923,236534
123929,Sarah Williams,024 1494903,107390,Sales,"Chicago, IL",445573,236534
123930,Kwabena Boafo,024 5781785,107280,HR,"Chicago, IL",681319,236534
123931,Sarah Johnson,024 8286978,90500,Marketing,"Hartford, CT",851659,236534
123932,Michael Miller,024 8843329,90060,Sales,"Hartford, CT",413272,236534
123933,Kwame Williams,024 3095498,96850,HR,"San Francisco, CA",345294,236534
123934,William Brown,024 3773720,110050,HR,"New York, NY",593176,236534
123935,Kwaku Brown,024 9192682,123883,Marketing,"Hartford, CT",479899,236534
123936,Michael Smith,024 5315650,96500,Sales,"Chicago, IL",594109,236534
123937,William Johnson,024 0811655,111794,Sales,"New York, NY",603544,236534
123938,Kwaku Boafo,024 2315543,87139,Marketing,"Boston, MA",748539,236534
123939,William Doe,024 2876355,80591,Sales,"Chicago, IL",543278,236534
123940,Kwaku Johnson,024 8852933,113000,Digital Enablement,"New York, NY",997444,236534
123941,Kwame Johnson,024 3124365,113274,HR,"Chicago, IL",583745,236534
123942,John Davis,024 9679900,100544,Sales,"Hartford, CT",921439,236534
123943,Kwaku Johnson,024 8646292,80018,Digital Enablement,"New York, NY",111751,236534
123944,Kwabena Williams,024 5647433,92751,Digital Enablement,"Hartford, CT",970579,236534
123945,John Williams,024 7920166,112347,Finance,"San Francisco, CA",589579,236534
123946,Sarah Boafo,024 7588453,110583,Sales,"San Francisco, CA",651768,236534
123947,Michael Smith,024 1503174,93536,HR,"New York, NY",777756,236534
123948,Kwame Brown,024 6791662,124009,HR,"New York, NY",803500,236534
123949,Michael Brown,024 2288478,91051,Digital Enablement,"Hartford, CT",122514,236534
123950,Jane Davis,024 7432947,93330,HR,"San Francisco, CA",041281,236534
123951,Michael Brown,024 2101037,91722,HR,"San Francisco, CA",183840,236534
123952,Michael Miller,024 5140873,104545,Marketing,"New York, NY",162990,236534
123953,Sarah Davis,024 8116804,103665,Finance,"Boston, MA",094202,236534
123954,Jane Johnson,024 9341521,119072,Marketing,"Boston, MA",249111,236534
123955,Jane Miller,024 2984471,122928,Finance,"New York, NY",752904,236534
123956,William Miller,024 6091912,95377,Finance,"New York, NY",020887,236534
123957,Kwame Miller,024 7344162,111978,HR,"Boston, MA",203296,236534
123958,William Brown,024 2498103,98969,Finance,"Boston, MA",439626,236534
123959,Kwabena Miller,024 9578427,100395,Digital Enablement,"Hartford, CT",365954,236534
123960,John Smith,024 7766298,106780,Digital Enablement,"New York, NY",584257,236534
123961,Kwaku Williams,024 2641874,107927,Finance,"San Francisco, CA",000803,236534
123962,Kwame Miller,024 5199822,90335,Digital Enablement,"Boston, MA",982597,236534
123963,Sarah Boafo,024 3869765,92615,Digital Enablement,"New York, NY",186213,236534
123964,Sarah Brown,024 3749413,92438,Finance,"Chicago, IL",453680,236534
123965,Jane Davis,024 9091931,95756,Digital Enablement,"New York, NY",221922,236534
123966,John Brown,024 9266966,119469,HR,"New York, NY",853694,236534
123967,John Davis,024 4804265,104190,Finance,"Chicago, IL",279782,236534
123968,Kwaku Brown,024 6650139,99853,Marketing,"Boston, MA",674114,236534
123969,Kwaku Brown,024 3065660,111813,Finance,"San Francisco, CA",766424,236534
123970,Michael Brown,024 7561018,116510,Finance,"Hartford, CT",816524,236534
123971,Kwabena Doe,024 9867337,115581,Digital Enablement,"San Francisco, CA",995032,236534
123972,Sarah Boafo,024 4257521,96446,HR,"Boston, MA",904499,236534
123973,Sarah Boafo,024 1284640,121106,Sales,"New York, NY",145793,236534
123974,John Johnson,024 2981556,94602,Finance,"Boston, MA",365430,236534
123975,Jane Boafo,024 8341686,121332,Finance,"New York, NY",328066,236534
123976,Michael Doe,024 7059881,98213,Finance,"Chicago, IL",383930,236534
123977,William Miller,024 2915290,119895,Digital Enablement,"Chicago, IL",353146,236534
123978,John Davis,024 0213397,98446,HR,"San Francisco, CA",670876,236534
123979,Kwame Miller,024 9508157,86430,HR,"Hartford, CT",991089,236534
123980,Michael Doe,024 2085426,117807,Sales,"Hartford, CT",762276,236534
123981,Michael Smith,024 8395165,86588,Sales,"San Francisco, CA",307290,236534
123982,Jane Miller,024 5965895,102718,Finance,"San Francisco, CA",951389,236534
123983,Jane Johnson,024 1590883,107252,Digital Enablement,"Hartford, CT",752753,236534
123984,Jane Davis,024 4670612,110076,Digital Enablement,"Chicago, IL",772135,236534
123985,Kwame Doe,024 9320988,128436,Finance,"San Francisco, CA",720238,236534
123986,Kwaku Doe,024 4987245,94257,HR,"San Francisco, CA",009971,236534
123987,Kwaku Williams,024 3890977,94070,Digital Enablement,"Hartford, CT",370048,236534
123988,Kwaku Boafo,024 1164231,100851,HR,"San Francisco, CA",754397,236534
123989,Kwabena Boafo,024 6782137,93825,Sales,"Chicago, IL",253751,236534
123990,Kwabena Smith,024 0460311,120488,HR,"Hartford, CT",403838,236534
123991,William Brown,024 2794078,91826,Digital Enablement,"Chicago, IL",230994,236534
123992,William Williams,024 7366231,106345,Marketing,"San Francisco, CA",085225,236534
123993,Kwame Williams,024 8398877,90533,Digital Enablement,"Hartford, CT",022931,236534
123994,Kwabena Boafo,024 0874193,92433,Sales,"Chicago, IL",605250,236534
123995,Kwabena Johnson,024 8060031,82670,Digital Enablement,"Chicago, IL",956016,236534
123996,Kwame Miller,024 0875614,107667,HR,"Hartford, CT",030767,236534
123997,Michael Doe,024 2131898,116463,Finance,"New York, NY",081083,236534
123998,Michael Johnson,024 5788891,92634,Marketing,"Chicago, IL",233581,236534
123999,Jane Smith,024 1441043,95946,Sales,"Boston, MA",863305,236534
124000,Jane Brown,024 6982131,89556,Digital Enablement,"Boston, MA",128035,236534
124001,Michael Davis,024 5922055,92155,HR,"New York, NY",156347,236534
124002,William Smith,024 2290541,100657,HR,"San Francisco, CA",448946,236534
124003,William Miller,024 7156438,86985,HR,"Boston, MA",264339,236534
124004,Kwame Davis,024 9555179,80942,HR,"San Francisco, CA",109039,236534
124005,William Davis,024 2238389,93799,Marketing,"San Francisco, CA",357300,236534
124006,William Brown,024 7337721,124609,Digital Enablement,"Boston, MA",066898,236534
124007,Kwaku Miller,024 1442779,109707,Digital Enablement,"Hartford, CT",497234,236534
124008,Jane Doe,024 3480479,115398,Marketing,"New York, NY",484190,236534
124009,Kwabena Doe,024 7767662,96503,Digital Enablement,"Chicago, IL",090751,236534
124010,John Williams,024 8674027,89058,Sales,"New York, NY",270808,236534
124011,Sarah Williams,024 1962060,95469,Sales,"New York, NY",029702,236534
124012,Michael Johnson,024 0291969,118003,HR,"New York, NY",362749,236534
124013,Sarah Davis,024 0570028,96069,Sales,"Hartford, CT",947570,236534
124014,Michael Boafo,024 7732169,97533,Digital Enablement,"New York, NY",354776,236534
124015,William Williams,024 9315958,102116,Finance,"Boston, MA",788333,236534
124016,Kwame Williams,024 0892241,94508,Digital Enablement,"Hartford, CT",867356,236534
124017,John Doe,024 9625272,90420,Sales,"Boston, MA",311576,236534
124018,Kwabena Smith,024 1843842,119027,Sales,"San Francisco, CA",002321,236534
124019,Jane Miller,024 1576959,107523,Digital Enablement,"New York, NY",845793,236534
124020,Jane Williams,024 5205342,91524,Sales,"Boston, MA",472905,236534
124021,Michael Johnson,024 0287255,116371,Sales,"San Francisco, CA",723677,236534
124022,William Miller,024 0944282,93028,Finance,"Boston, MA",180267,236534
124023,John Miller,024 7953267,124192,Marketing,"San Francisco, CA",868530,236534
124024,Michael Davis,024 4063436,112789,Digital Enablement,"San Francisco, CA",468677,236534
124025,Michael Brown,024 2088894,108005,Marketing,"Hartford, CT",605729,236534
124026,Kwame Boafo,024 6991067,94997,Finance,"New York, NY",134111,236534
124027,John Smith,024 8728473,102990,Finance,"New York, NY",979726,236534
124028,Kwame Brown,024 2295522,91709,Sales,"Chicago, IL",851862,236534
124029,William Doe,024 9237014,117670,Finance,"New York, NY",728428,236534
124030,Kwame Johnson,024 6726667,129544,Marketing,"San Francisco, CA",465954,236534
124031,Sarah Williams,024 4420401,108542,Sales,"Chicago, IL",604109,236534
124032,John Johnson,024 9735269,99335,Finance,"Boston, MA",871480,236534
124033,William Brown,024 8126879,126813,HR,"Chicago, IL",686679,236534
124034,John Smith,024 2089478,91885,Sales,"Chicago, IL",976942,236534
124035,Kwaku Davis,024 5789201,120058,Marketing,"Chicago, IL",835866,236534
124036,Sarah Boafo,024 6139497,92998,Marketing,"Chicago, IL",213477,236534
124037,Kwaku Davis,024 8608467,91904,Sales,"New York, NY",151960,236534
124038,Jane Johnson,024 7727619,92877,Sales,"Hartford, CT",913927,236534
124039,Jane Williams,024 6616737,90291,Finance,"San Francisco, CA",941164,236534
124040,John Davis,024 9455689,122857,Sales,"New York, NY",095013,236534
124041,Jane Davis,024 2208871,84745,Digital Enablement,"San Francisco, CA",585579,236534
124042,John Miller,024 5396257,92537,Finance,"New York, NY",780144,236534
124043,Kwame Doe,024 3918809,114937,Sales,"Chicago, IL",754105,236534
124044,Kwaku Boafo,024 0783024,116844,HR,"San Francisco, CA",827485,236534
124045,Jane Brown,024 2644470,86428,Marketing,"Boston, MA",783363,236534
124046,Michael Brown,024 4496016,112085,Finance,"Boston, MA",742329,236534
124047,Sarah Davis,024 1162770,80328,Finance,"Boston, MA",071010,236534
124048,Kwabena Johnson,024 3080315,99959,Marketing,"Hartford, CT",587319,236534
124049,Michael Boafo,024 6375125,113810,Finance,"Boston, MA",814494,236534
124050,William Smith,024 0584862,117464,Finance,"Boston, MA",686886,236534
124051,Michael Boafo,024 5818969,81123,Marketing,"New York, NY",410408,236534
124052,William Doe,024 2051314,97271,Finance,"New York, NY",364537,236534
124053,Kwame Johnson,024 5521545,118159,Sales,"Hartford, CT",879816,236534
124054,Kwame Johnson,024 9551391,107586,Finance,"Chicago, IL",546803,236534
124055,Kwaku Brown,024 7627398,112306,Sales,"San Francisco, CA",767739,236534
124056,William Smith,024 8726209,92292,Sales,"Boston, MA",108584,236534
124057,William Smith,024 5393450,94196,HR,"Chicago, IL",548598,236534
124058,William Johnson,024 6691524,114298,Sales,"Chicago, IL",183409,236534
124059,Michael Smith,024 7390895,91010,Marketing,"Boston, MA",967693,236534
124060,Jane Johnson,024 1665258,102860,Digital Enablement,"San Francisco, CA",711759,236534
124061,Sarah Brown,024 6861810,92275,Sales,"Hartford, CT",992121,236534
124062,Sarah Smith,024 1471353,117567,Finance,"Boston, MA",826988,236534
124063,Sarah Miller,024 5084669,108284,Sales,"Hartford, CT",501962,236534
124064,Sarah Williams,024 3923118,91491,Finance,"San Francisco, CA",135208,236534
124065,John Miller,024 7004183,95808,Digital Enablement,"New York, NY",353463,236534
124066,Sarah Doe,024 2775843,98110,Sales,"New York, NY",088665,236534
124067,Kwabena Boafo,024 3405139,90461,Digital Enablement,"San Francisco, CA",205217,236534
124068,Kwabena Davis,024 1809691,81325,Digital Enablement,"Hartford, CT",097784,236534
124069,Kwabena Doe,024 1494257,89997,Digital Enablement,"Hartford, CT",125115,236534
124070,William Miller,024 0413313,90853,Digital Enablement,"New York, NY",913147,236534
124071,Kwaku Williams,024 2729768,91350,Digital Enablement,"New York, NY",465366,236534
124072,William Davis,024 8397940,113133,Digital Enablement,"San Francisco, CA",068619,236534
124073,Kwaku Boafo,024 1163996,111967,Marketing,"Hartford, CT",755682,236534
124074,Sarah Johnson,024 2236247,105515,Finance,"Hartford, CT",723355,236534
124075,John Smith,024 1647061,91402,HR,"New York, NY",236843,236534
124076,Jane Smith,024 4330801,86377,Finance,"New York, NY",455695,236534
124077,John Johnson,024 3673743,108409,Finance,"Hartford, CT",539501,236534
124078,John Boafo,024 5639245,98658,HR,"New York, NY",410993,236534
124079,William Brown,024 6662691,118006,Finance,"San Francisco, CA",292528,236534
124080,Jane Johnson,024 8658327,107161,Sales,"Chicago, IL",619038,236534
124081,Kwaku Williams,024 8985977,92583,Marketing,"Hartford, CT",958799,236534
124082,Jane Doe,024 0606474,108511,HR,"New York, NY",988055,236534
124083,William Brown,024 1251621,90327,Sales,"Chicago, IL",629019,236534
124084,Kwabena Doe,024 8179850,84775,HR,"Hartford, CT",729437,236534
124085,John Davis,024 5555482,87060,Marketing,"New York, NY",936301,236534
124086,John Johnson,024 5865586,102061,Marketing,"Chicago, IL",727872,236534
124087,Jane Miller,024 2563740,102292,HR,"New York, NY",562559,236534
124088,John Davis,024 4691671,98368,Finance,"Boston, MA",102790,236534
124089,Sarah Davis,024 0217766,100646,Finance,"San Francisco, CA",252289,236534
124090,Kwabena Boafo,024 0933758,95137,Digital Enablement,"Chicago, IL",510959,236534
124091,William Boafo,024 7283135,104944,Digital Enablement,"Boston, MA",365536,236534
124092,John Davis,024 6552082,119619,HR,"San Francisco, CA",607509,236534
124093,Michael Johnson,024 3732528,114487,Finance,"New York, NY",836222,236534
124094,Kwaku Doe,024 6136022,95166,HR,"New York, NY",247325,236534
124095,Sarah Doe,024 6726204,95591,Finance,"Hartford, CT",973792,236534
124096,Jane Miller,024 4526306,107430,Sales,"Hartford, CT",053024,236534
124097,Kwaku Boafo,024 8012202,91840,Finance,"New York, NY",022207,236534
124098,Michael Doe,024 7847524,95588,HR,"Boston, MA",249028,236534
124099,Kwabena Williams,024 8181489,89944,HR,"Hartford, CT",134304,236534
124100,Jane Doe,024 4308931,97157,Digital Enablement,"Chicago, IL",842376,236534
124101,John Johnson,024 3004279,122897,Digital Enablement,"New York, NY",723782,236534
124102,Jane Davis,024 5123069,103688,HR,"New York, NY",118930,236534
124103,Michael Miller,024 9662260,109816,Digital Enablement,"Boston, MA",373224,236534
124104,Jane Williams,024 6038714,88460,HR,"New York, NY",099415,236534
124105,Michael Davis,024 6690661,87022,HR,"Hartford, CT",814768,236534
124106,Kwaku Miller,024 0498207,88794,Digital Enablement,"San Francisco, CA",823274,236534
124107,Sarah Johnson,024 8846059,116788,Marketing,"Chicago, IL",946680,236534
124108,Michael Doe,024 4048827,102927,Sales,"San Francisco, CA",546787,236534
124109,Jane Boafo,024 0670704,109613,Digital Enablement,"New York, NY",200667,236534
124110,Michael Miller,024 6335747,80680,Finance,"Chicago, IL",487217,236534
124111,Jane Johnson,024 5997438,94351,Finance,"Hartford, CT",113382,236534
124112,Kwaku Brown,024 0173207,118841,Marketing,"New York, NY",516709,236534
124113,Kwame Doe,024 9587130,108724,Digital Enablement,"Hartford, CT",430366,236534
124114,William Smith,024 0415166,123755,Marketing,"San Francisco, CA",912589,236534
124115,Michael Smith,024 7150038,118690,Marketing,"Boston, MA",150527,236534
124116,Kwame Williams,024 8088425,116191,Marketing,"Chicago, IL",509506,236534
124117,John Williams,024 5077625,111644,Marketing,"Boston, MA",311845,236534
124118,Michael Doe,024 7678710,104630,Finance,"Boston, MA",509882,236534
124119,Sarah Williams,024 3978280,96449,Marketing,"New York, NY",578439,236534
124120,Sarah Williams,024 8163205,95079,Finance,"New York, NY",931598,236534
124121,Kwame Doe,024 2844576,100963,Marketing,"San Francisco, CA",905636,236534
124122,William Boafo,024 9436011,116782,Finance,"Boston, MA",649312,236534
124123,John Doe,024 2320086,108665,Digital Enablement,"Hartford, CT",303007,236534
124124,Kwabena Davis,024 4523234,119027,Finance,"Hartford, CT",972778,236534
124125,Jane Brown,024 6423084,127376,Marketing,"New York, NY",652309,236534
124126,Kwaku Doe,024 0084545,99058,Sales,"New York, NY",915955,236534
124127,Kwabena Boafo,024 3774934,85189,Marketing,"San Francisco, CA",383213,236534
124128,Kwabena Boafo,024 7298196,96414,Sales,"Hartford, CT",524067,236534
124129,William Davis,024 0220362,98825,Finance,"Hartford, CT",365480,236534
124130,William Johnson,024 3380038,102268,Finance,"Boston, MA",032954,236534
124131,John Williams,024 8516549,124358,Marketing,"Hartford, CT",586223,236534
124132,Kwabena Brown,024 3013767,100248,Finance,"Hartford, CT",229087,236534
124133,Kwabena Williams,024 6224167,94996,Digital Enablement,"Hartford, CT",169593,236534
124134,Kwaku Brown,024 0652042,97716,Marketing,"New York, NY",638484,236534
124135,John Davis,024 0197186,99538,HR,"Hartford, CT",799510,236534
124136,Sarah Johnson,024 6916527,95550,Marketing,"New York, NY",525907,236534
124137,Kwabena Brown,024 0689312,95221,Marketing,"Hartford, CT",499447,236534
124138,John Davis,024 2989271,107041,Marketing,"Chicago, IL",038962,236534
124139,Sarah Boafo,024 6666752,113175,Digital Enablement,"Hartford, CT",766529,236534
124140,Kwame Miller,024 1398231,90295,HR,"New York, NY",150618,236534
124141,Michael Davis,024 6819402,100608,Digital Enablement,"Chicago, IL",610915,236534
124142,William Brown,024 2509531,104486,HR,"Boston, MA",588552,236534
124143,Jane Williams,024 2465877,99757,Digital Enablement,"Hartford, CT",075154,236534
124144,Kwaku Doe,024 1511444,98494,Marketing,"San Francisco, CA",803703,236534
124145,Kwabena Boafo,024 7447653,94286,Digital Enablement,"New York, NY",380937,236534
124146,John Davis,024 0681083,115035,Marketing,"Boston, MA",255475,236534
124147,Sarah Johnson,024 9652498,113783,Digital Enablement,"New York, NY",623792,236534
124148,Sarah Miller,024 2171159,114324,Digital Enablement,"San Francisco, CA",235547,236534
124149,Jane Johnson,024 0866901,112357,Finance,"Hartford, CT",503221,236534
124150,Jane Boafo,024 4323684,95295,Finance,"New York, NY",360088,236534
124151,John Doe,024 6242264,90451,HR,"Hartford, CT",505572,236534
124152,Kwame Williams,024 3060380,102831,Finance,"San Francisco, CA",336197,236534
124153,Sarah Boafo,024 8038919,103087,Marketing,"Hartford, CT",558129,236534
124154,Sarah Davis,024 9763225,93121,Marketing,"San Francisco, CA",525349,236534
124155,Kwaku Brown,024 6807280,95060,Marketing,"Chicago, IL",844784,236534
124156,William Johnson,024 8939031,123493,Sales,"San Francisco, CA",101737,236534
124157,Kwaku Miller,024 5732915,98521,Finance,"New York, NY",587731,236534
124158,Sarah Boafo,024 1922189,97422,HR,"Chicago, IL",315018,236534
124159,Michael Brown,024 4720633,97473,Digital Enablement,"Chicago, IL",105230,236534
124160,John Williams,024 8049580,97512,Sales,"New York, NY",071478,236534
124161,Michael Smith,024 5597220,99739,Digital Enablement,"New York, NY",705907,236534
124162,Jane Brown,024 7707174,104500,Sales,"Chicago, IL",774876,236534
124163,Michael Boafo,024 3828988,104956,Digital Enablement,"Hartford, CT",702361,236534
124164,Kwame Miller,024 2286561,120265,Finance,"Chicago, IL",502381,236534
124165,Kwabena Johnson,024 2527182,100733,Digital Enablement,"Hartford, CT",967893,236534
124166,William Johnson,024 6469570,113458,Marketing,"Boston, MA",823510,236534
124167,Kwame Williams,024 0324368,95117,Finance,"Boston, MA",669536,236534
124168,John Johnson,024 1966282,95882,Marketing,"Hartford, CT",634401,236534
124169,Kwaku Davis,024 6385941,90693,Marketing,"Chicago, IL",457054,236534
124170,Sarah Johnson,024 9616089,94608,Finance,"San Francisco, CA",346908,236534
124171,Kwaku Smith,024 5321920,121541,HR,"Chicago, IL",672953,236534
124172,William Johnson,024 4922545,90041,Digital Enablement,"Boston, MA",693266,236534
124173,Michael Smith,024 5746002,109069,Sales,"Boston, MA",943885,236534
124174,Jane Boafo,024 9625130,105886,Sales,"Hartford, CT",015724,236534
124175,Kwame Brown,024 7097121,106193,Marketing,"New York, NY",842925,236534
124176,Kwabena Williams,024 5240131,112034,Marketing,"Chicago, IL",112335,236534
124177,Jane Williams,024 0906761,90464,Marketing,"San Francisco, CA",308717,236534
124178,John Doe,024 1381611,97134,Sales,"Boston, MA",262480,236534
124179,William Davis,024 2279328,84575,Marketing,"Hartford, CT",366335,236534
124180,John Doe,024 8755749,101964,HR,"Boston, MA",229893,236534
124181,Kwame Miller,024 1779004,98813,Sales,"New York, NY",287247,236534
124182,Kwaku Williams,024 0992019,93370,Digital Enablement,"New York, NY",901835,236534
124183,Kwaku Smith,024 0332622,107933,Marketing,"Chicago, IL",989006,236534
124184,Jane Boafo,024 8959101,101791,Marketing,"San Francisco, CA",108563,236534
124185,William Brown,024 4719179,100262,Sales,"Chicago, IL",609224,236534
124186,Jane Williams,024 6676408,123253,HR,"Boston, MA",050570,236534
124187,Kwabena Boafo,024 8899658,112192,Sales,"San Francisco, CA",069250,236534
124188,Jane Johnson,024 6678874,96010,Digital Enablement,"Boston, MA",972000,236534
124189,William Williams,024 3092877,96189,HR,"Boston, MA",824630,236534
124190,William Davis,024 8670938,127836,Finance,"San Francisco, CA",020417,236534
124191,Kwaku Boafo,024 3052866,99285,HR,"New York, NY",221837,236534
124192,Michael Brown,024 4302991,111043,Marketing,"Hartford, CT",612292,236534
124193,Michael Boafo,024 2357723,104178,Sales,"New York, NY",104979,236534
124194,Sarah Brown,024 1113322,102133,Finance,"Boston, MA",598236,236534
124195,Kwaku Smith,024 9911259,107197,Digital Enablement,"San Francisco, CA",166808,236534
124196,Jane Johnson,024 8462916,98351,Sales,"Boston, MA",373351,236534
124197,Jane Doe,024 0440004,125379,Digital Enablement,"Boston, MA",492875,236534
124198,Kwabena Smith,024 7373937,107988,Finance,"New York, NY",292152,236534
124199,William Davis,024 7120616,98828,HR,"Boston, MA",087699,236534
124200,Kwabena Smith,024 0855071,93515,Finance,"Chicago, IL",808387,236534
124201,William Brown,024 0095171,113378,HR,"Hartford, CT",949327,236534
124202,Michael Miller,024 5734487,94812,Sales,"San Francisco, CA",922067,236534
124203,William Johnson,024 0905921,80103,Digital Enablement,"San Francisco, CA",949945,236534
124204,Michael Johnson,024 6433089,100994,Finance,"Boston, MA",870711,236534
124205,William Brown,024 7891220,104477,Digital Enablement,"San Francisco, CA",662301,236534
124206,Michael Boafo,024 2164937,117651,HR,"New York, NY",992939,236534
124207,William Williams,024 6955345,94378,Digital Enablement,"San Francisco, CA",855476,236534
124208,Michael Miller,024 9616412,82736,Marketing,"Chicago, IL",246630,236534
124209,Jane Boafo,024 3429290,90099,HR,"Boston, MA",804151,236534
124210,John Johnson,024 0857253,88717,HR,"Boston, MA",601445,236534
124211,William Brown,024 7274537,107097,Sales,"Hartford, CT",200960,236534
124212,Jane Johnson,024 3843413,116317,Marketing,"Boston, MA",116596,236534
124213,Michael Smith,024 0730521,113514,Sales,"Chicago, IL",002987,236534
124214,Jane Williams,024 3886102,90932,Marketing,"San Francisco, CA",570438,236534
124215,Sarah Johnson,024 7699266,98440,HR,"Boston, MA",686266,236534
124216,Kwabena Williams,024 3287861,106526,Digital Enablement,"San Francisco, CA",640670,236534
124217,Kwaku Davis,024 0581187,98675,HR,"Boston, MA",801304,236534
124218,Kwaku Boafo,024 8082904,93459,Sales,"San Francisco, CA",461342,236534
124219,John Boafo,024 6554021,116434,Finance,"New York, NY",716026,236534
124220,Kwabena Williams,024 0266879,97379,Finance,"Hartford, CT",156796,236534
124221,Sarah Davis,024 5056388,96025,Digital Enablement,"Chicago, IL",664575,236534
124222,Sarah Williams,024 6858841,87800,Finance,"New York, NY",332700,236534
124223,Michael Smith,024 4426318,114934,Marketing,"San Francisco, CA",440540,236534
124224,Jane Boafo,024 0837696,109714,HR,"New York, NY",715211,236534
124225,Kwaku Doe,024 7248647,82862,Digital Enablement,"Boston, MA",500406,236534
124226,Kwabena Davis,024 5769644,112943,Digital Enablement,"Boston, MA",117983,236534
124227,John Smith,024 9617561,97993,Digital Enablement,"Boston, MA",375010,236534
124228,Kwame Brown,024 2412486,95501,Marketing,"Hartford, CT",316494,236534
124229,Michael Smith,024 3063354,99168,Marketing,"San Francisco, CA",416048,236534
124230,Kwame Davis,024 4485387,85275,HR,"New York, NY",250829,236534
124231,Jane Davis,024 3062849,99272,Finance,"San Francisco, CA",240781,236534
124232,John Brown,024 6540433,85369,Digital Enablement,"Hartford, CT",073010,236534
124233,Jane Williams,024 7975875,114729,HR,"Boston, MA",612198,236534
124234,Kwaku Doe,024 3121971,96804,Digital Enablement,"San Francisco, CA",724109,236534
124235,Sarah Johnson,024 6226911,108961,Marketing,"San Francisco, CA",558506,236534
124236,Kwaku Boafo,024 6205195,105177,Sales,"Chicago, IL",875071,236534
124237,Kwame Johnson,024 6285422,118452,Sales,"Chicago, IL",350317,236534
124238,Kwaku Johnson,024 9976813,89731,Digital Enablement,"Boston, MA",973471,236534
124239,Michael Brown,024 0791762,125875,Digital Enablement,"Hartford, CT",154445,236534
124240,Sarah Williams,024 5162234,94892,Marketing,"Chicago, IL",750101,236534
124241,Kwame Brown,024 0101858,89459,Sales,"Chicago, IL",361323,236534
124242,Michael Davis,024 0804228,102151,HR,"Chicago, IL",185617,236534
124243,Kwabena Johnson,024 6058319,102180,Digital Enablement,"San Francisco, CA",628587,236534
124244,Kwame Johnson,024 2434978,95475,Digital Enablement,"New York, NY",439538,236534
124245,Jane Boafo,024 4193310,96055,HR,"Chicago, IL",940898,236534
124246,John Miller,024 9312746,92547,Marketing,"Chicago, IL",082191,236534
124247,John Doe,024 9069327,102435,HR,"Chicago, IL",759939,236534
124248,William Smith,024 6543683,128329,Digital Enablement,"San Francisco, CA",321426,236534
124249,Kwame Smith,024 1489849,93413,Marketing,"New York, NY",683597,236534
124250,Jane Smith,024 4633488,111434,HR,"New York, NY",347851,236534
124251,Sarah Brown,024 9396000,87496,Digital Enablement,"Boston, MA",566659,236534
124252,William Davis,024 6401769,101763,Marketing,"Hartford, CT",713343,236534
124253,Kwaku Boafo,024 1404315,125131,HR,"Hartford, CT",743066,236534
124254,Kwaku Boafo,024 0494669,110257,HR,"Hartford, CT",372660,236534
124255,Kwaku Miller,024 3887296,96079,Finance,"New York, NY",267663,236534
124256,William Doe,024 5308599,104344,HR,"San Francisco, CA",343787,236534
124257,William Miller,024 9006543,85087,Finance,"New York, NY",144044,236534
124258,William Brown,024 5293071,116607,Marketing,"San Francisco, CA",413000,236534
124259,Jane Miller,024 5906900,81202,Sales,"Hartford, CT",727300,236534
124260,Kwaku Smith,024 6335358,89441,Finance,"San Francisco, CA",056873,236534
124261,William Boafo,024 4148235,123394,Sales,"Hartford, CT",672916,236534
124262,Jane Miller,024 5307861,100270,Sales,"New York, NY",724284,236534
124263,Kwame Miller,024 8303040,94350,HR,"Chicago, IL",095787,236534
124264,Kwaku Doe,024 8198290,107627,HR,"Hartford, CT",444412,236534
124265,Sarah Williams,024 1610300,117326,Digital Enablement,"Boston, MA",994741,236534
124266,Jane Smith,024 7375377,111915,Digital Enablement,"San Francisco, CA",596405,236534
124267,William Johnson,024 2716990,123305,Finance,"Hartford, CT",386005,236534
124268,Sarah Miller,024 7439199,103699,Sales,"New York, NY",447369,236534
124269,Kwabena Brown,024 9500353,109229,Finance,"San Francisco, CA",406856,236534
124270,William Doe,024 7443605,92084,Marketing,"Hartford, CT",294996,236534
124271,Sarah Doe,024 1128311,89259,Digital Enablement,"Chicago, IL",283182,236534
124272,Jane Johnson,024 2675602,117942,Finance,"New York, NY",221397,236534
124273,Kwame Johnson,024 2553721,96915,Finance,"Hartford, CT",483268,236534
124274,Jane Doe,024 7529199,119622,Finance,"Hartford, CT",209071,236534
124275,John Davis,024 1599507,106226,Sales,"New York, NY",427220,236534
124276,Jane Williams,024 3167445,116711,HR,"New York, NY",492123,236534
124277,Jane Doe,024 2166466,81264,Digital Enablement,"Boston, MA",569971,236534
124278,Kwabena Miller,024 7896628,122294,Digital Enablement,"Boston, MA",389669,236534
124279,Kwame Williams,024 4349064,92219,Digital Enablement,"New York, NY",250771,236534
124280,Kwaku Davis,024 2802350,98160,Sales,"Boston, MA",805794,236534
124281,Sarah Boafo,024 4748249,110000,Sales,"San Francisco, CA",510340,236534
124282,John Boafo,024 0347402,101201,Digital Enablement,"Hartford, CT",129349,236534
124283,Michael Davis,024 4445532,105842,Finance,"Boston, MA",211059,236534
124284,Kwaku Doe,024 5795161,98069,Digital Enablement,"Hartford, CT",003619,236534
124285,Jane Brown,024 3375740,90637,Digital Enablement,"New York, NY",140613,236534
124286,Kwabena Johnson,024 7464854,129698,HR,"Hartford, CT",151510,236534
124287,Sarah Johnson,024 2543178,90632,Finance,"Hartford, CT",485107,236534
124288,Kwabena Doe,024 9574070,113060,Finance,"Boston, MA",510315,236534
124289,John Williams,024 1521544,85164,HR,"Hartford, CT",719288,236534
124290,Michael Johnson,024 7863824,101942,Marketing,"Hartford, CT",377752,236534
124291,Michael Williams,024 3308570,102104,Finance,"Chicago, IL",546133,236534
124292,John Brown,024 8223457,101915,Digital Enablement,"Hartford, CT",407950,236534
124293,Jane Williams,024 2751191,108494,Marketing,"Boston, MA",245065,236534
124294,John Davis,024 6818532,123450,HR,"New York, NY",773078,236534
124295,Sarah Davis,024 8437554,103810,Digital Enablement,"Hartford, CT",709893,236534
124296,John Doe,024 9653105,93624,Marketing,"San Francisco, CA",004076,236534
124297,Jane Williams,024 1977006,119999,HR,"Boston, MA",130989,236534
124298,Jane Boafo,024 2581829,101308,HR,"Chicago, IL",157833,236534
124299,Sarah Miller,024 4825905,120986,Finance,"New York, NY",186047,236534
124300,Sarah Smith,024 1223854,89600,Marketing,"New York, NY",485065,236534
124301,Sarah Johnson,024 2052865,95680,HR,"Boston, MA",082502,236534
124302,Kwame Miller,024 2425510,89167,Sales,"New York, NY",964365,236534
124303,Kwabena Davis,024 4497257,110081,Sales,"New York, NY",278865,236534
124304,Kwabena Brown,024 5572941,105170,Marketing,"Hartford, CT",372081,236534
124305,John Boafo,024 8867078,111929,Digital Enablement,"Chicago, IL",727956,236534
124306,Sarah Boafo,024 2188513,99546,HR,"Hartford, CT",858843,236534
124307,Sarah Doe,024 6308903,90500,Sales,"Chicago, IL",795688,236534
124308,John Smith,024 7843253,106226,Marketing,"San Francisco, CA",625038,236534
124309,Jane Boafo,024 7208292,114668,Digital Enablement,"Hartford, CT",329618,236534
124310,Kwabena Doe,024 5018869,103842,Finance,"San Francisco, CA",302589,236534
124311,William Davis,024 9485984,106603,Finance,"Boston, MA",307553,236534
124312,Michael Doe,024 4469696,110125,Sales,"Chicago, IL",808600,236534
124313,Kwaku Smith,024 7312104,95767,Finance,"San Francisco, CA",019916,236534
124314,John Brown,024 0449127,113984,Finance,"San Francisco, CA",238799,236534
124315,Sarah Boafo,024 0515355,101049,Marketing,"Chicago, IL",930124,236534
124316,Jane Davis,024 4266580,90696,HR,"New York, NY",023996,236534
124317,Michael Boafo,024 7679755,98179,Finance,"New York, NY",980590,236534
124318,Jane Davis,024 6080634,118057,Sales,"Chicago, IL",888197,236534
124319,Kwaku Brown,024 7447682,115780,HR,"New York, NY",588419,236534
124320,Kwaku Brown,024 9472280,99084,Sales,"Hartford, CT",313829,236534
124321,Michael Johnson,024 5993698,85415,HR,"Boston, MA",177567,236534
124322,William Johnson,024 1129799,90564,Digital Enablement,"San Francisco, CA",212394,236534
124323,Kwabena Smith,024 9928368,88459,Digital Enablement,"Boston, MA",987332,236534
124324,Michael Brown,024 8664964,97219,Finance,"Boston, MA",002666,236534
124325,Kwame Brown,024 8030148,90120,Digital Enablement,"Hartford, CT",917196,236534
124326,John Smith,024 5127280,110927,Marketing,"Chicago, IL",128247,236534
124327,Kwabena Smith,024 6685772,87643,Marketing,"Hartford, CT",889264,236534
124328,Michael Brown,024 9940061,103785,Marketing,"San Francisco, CA",250685,236534
124329,William Williams,024 2420254,113529,Finance,"Boston, MA",817095,236534
124330,Kwabena Doe,024 2143514,108918,Marketing,"Hartford, CT",079452,236534
124331,Kwabena Miller,024 3179389,87930,Marketing,"San Francisco, CA",295413,236534
124332,William Boafo,024 3841278,86265,Digital Enablement,"Hartford, CT",056226,236534
124333,John Williams,024 1364241,107311,HR,"Boston, MA",359040,236534
124334,Kwaku Williams,024 3917751,114864,Marketing,"Hartford, CT",183273,236534
124335,Jane Davis,024 7600996,127279,Digital Enablement,"San Francisco, CA",955615,236534
124336,Kwaku Doe,024 1690563,86736,Marketing,"Hartford, CT",456963,236534
124337,Kwabena Doe,024 5947391,81023,HR,"Chicago, IL",442537,236534
124338,Michael Williams,024 2222775,112819,Sales,"New York, NY",973596,236534
124339,Kwame Boafo,024 8366827,89876,Sales,"Hartford, CT",731707,236534
124340,William Williams,024 9168855,99481,Digital Enablement,"Boston, MA",997008,236534
124341,Kwaku Brown,024 7052767,102036,Digital Enablement,"Boston, MA",034201,236534
124342,William Davis,024 2808788,107446,Marketing,"San Francisco, CA",148081,236534
124343,John Miller,024 9681012,125734,HR,"New York, NY",196218,236534
124344,Kwame Davis,024 3970826,97115,Finance,"Chicago, IL",999836,236534
124345,Sarah Doe,024 6845081,95118,Sales,"Boston, MA",319787,236534
124346,Jane Williams,024 1160783,109316,HR,"Hartford, CT",772995,236534
124347,Kwame Doe,024 9733071,97793,HR,"Boston, MA",199400,236534
124348,Kwabena Williams,024 9929123,109045,HR,"Hartford, CT",906047,236534
124349,Kwame Davis,024 4602458,110222,Sales,"San Francisco, CA",618003,236534
124350,William Johnson,024 0254073,102897,Finance,"Hartford, CT",961395,236534
124351,Sarah Davis,024 9603229,102841,HR,"Hartford, CT",853681,236534
124352,Kwaku Miller,024 9860342,122051,Sales,"Boston, MA",954883,236534
124353,John Smith,024 4098759,95990,HR,"New York, NY",617379,236534
124354,William Williams,024 7340881,116366,HR,"New York, NY",936484,236534
124355,Kwaku Smith,024 5125191,91483,HR,"New York, NY",055289,236534
124356,Jane Johnson,024 6542692,112995,Finance,"New York, NY",642655,236534
124357,William Doe,024 8043830,117024,Digital Enablement,"Hartford, CT",463570,236534
124358,William Boafo,024 8950082,107653,Sales,"San Francisco, CA",207762,236534
124359,Sarah Johnson,024 3847498,106658,Marketing,"Hartford, CT",138112,236534
124360,Michael Brown,024 6771049,122651,Marketing,"San Francisco, CA",580252,236534
124361,Sarah Johnson,024 8145313,98873,Digital Enablement,"Chicago, IL",508722,236534
124362,William Williams,024 9785493,96887,Finance,"New York, NY",200172,236534
124363,Sarah Williams,024 8457225,94943,Marketing,"Hartford, CT",909738,236534
124364,Kwabena Smith,024 1760900,114568,Sales,"Hartford, CT",477094,236534
124365,Kwame Miller,024 5384079,123356,Marketing,"Boston, MA",356254,236534
124366,William Williams,024 8551737,95665,Sales,"San Francisco, CA",819463,236534
124367,William Smith,024 9238343,101906,Sales,"New York, NY",033092,236534
124368,Kwabena Smith,024 6555220,124561,Finance,"Chicago, IL",121596,236534
124369,Sarah Miller,024 0501569,105645,Digital Enablement,"San Francisco, CA",911550,236534
124370,John Doe,024 2034228,80286,HR,"Boston, MA",011295,236534
124371,Kwaku Williams,024 6465931,111171,HR,"Hartford, CT",077328,236534
124372,Kwabena Johnson,024 3895137,106466,Finance,"Chicago, IL",036152,236534
124373,Michael Johnson,024 5391070,112408,Digital Enablement,"Chicago, IL",148755,236534
124374,Michael Johnson,024 1657265,97673,Finance,"San Francisco, CA",940899,236534
124375,William Brown,024 9338623,111587,Marketing,"Chicago, IL",830433,236534
124376,John Miller,024 0168418,102996,Digital Enablement,"San Francisco, CA",514773,236534
124377,Michael Smith,024 2845781,107334,Marketing,"New York, NY",780253,236534
124378,Kwabena Smith,024 0277085,103957,Digital Enablement,"Boston, MA",168430,236534
124379,Kwabena Brown,024 6204806,97036,HR,"Hartford, CT",469546,236534
124380,Kwame Brown,024 6474397,117725,Sales,"San Francisco, CA",979734,236534
124381,Jane Boafo,024 6453628,102991,Marketing,"San Francisco, CA",015857,236534
124382,Michael Brown,024 2529773,110203,Digital Enablement,"Hartford, CT",621506,236534
124383,Jane Doe,024 0910247,96102,Digital Enablement,"Hartford, CT",147240,236534
124384,John Miller,024 9386974,82534,HR,"Chicago, IL",466827,236534
124385,Michael Williams,024 4023636,82810,HR,"New York, NY",857447,236534
124386,Kwabena Johnson,024 0446798,102496,Sales,"Hartford, CT",764808,236534
124387,Kwabena Boafo,024 7550190,108746,Sales,"San Francisco, CA",503868,236534
124388,Sarah Smith,024 6733868,103468,Sales,"New York, NY",490410,236534
124389,Kwame Smith,024 1323164,123942,Marketing,"Hartford, CT",318661,236534
124390,John Johnson,024 4626747,101124,Finance,"San Francisco, CA",857704,236534
124391,William Doe,024 7352997,114600,Sales,"Chicago, IL",923066,236534
124392,Kwabena Doe,024 6647563,121630,Marketing,"San Francisco, CA",501539,236534
124393,John Boafo,024 7184026,97319,HR,"San Francisco, CA",826307,236534
124394,Kwame Smith,024 4421466,97167,Finance,"New York, NY",211129,236534
124395,John Doe,024 8449380,104308,Finance,"Boston, MA",549575,236534
124396,Sarah Boafo,024 4056074,111429,HR,"Boston, MA",190303,236534
124397,Kwaku Boafo,024 8665802,112144,HR,"San Francisco, CA",881484,236534
124398,William Brown,024 4597976,109564,Marketing,"Hartford, CT",547330,236534
124399,John Doe,024 8264597,89450,Finance,"New York, NY",465688,236534
124400,Jane Boafo,024 3088005,97869,Finance,"New York, NY",145856,236534
124401,Michael Williams,024 0452551,104833,HR,"New York, NY",387341,236534
124402,Michael Boafo,024 0586371,101143,HR,"Chicago, IL",463648,236534
124403,Michael Davis,024 8839679,108836,Digital Enablement,"San Francisco, CA",033939,236534
124404,Jane Miller,024 0386399,92585,HR,"San Francisco, CA",013130,236534
124405,John Williams,024 8994133,105308,Marketing,"San Francisco, CA",800062,236534
124406,Kwame Williams,024 6451500,87767,Finance,"New York, NY",163411,236534
124407,Kwaku Smith,024 8945044,91179,HR,"Chicago, IL",675804,236534
124408,Kwaku Davis,024 9351607,112762,Finance,"Chicago, IL",619076,236534
124409,Jane Boafo,024 8015286,103802,Finance,"Hartford, CT",586914,236534
124410,William Johnson,024 2609850,88663,Finance,"San Francisco, CA",890517,236534
124411,John Williams,024 7408302,107642,Marketing,"San Francisco, CA",402238,236534
124412,Kwaku Boafo,024 1364037,100659,Marketing,"San Francisco, CA",119380,236534
124413,Kwabena Williams,024 6382095,106100,Marketing,"Hartford, CT",791530,236534
124414,Kwaku Boafo,024 3591692,104052,Sales,"San Francisco, CA",030670,236534
124415,Jane Doe,024 5400959,80192,HR,"Boston, MA",476874,236534
124416,Michael Williams,024 8282400,102961,Marketing,"San Francisco, CA",423179,236534
124417,John Williams,024 4780209,99980,Sales,"Boston, MA",808590,236534
124418,John Smith,024 3645666,94595,Marketing,"Boston, MA",363547,236534
124419,John Williams,024 5627262,95706,Sales,"Hartford, CT",953038,236534
124420,Sarah Miller,024 4624916,124736,Finance,"Hartford, CT",833101,236534
124421,William Boafo,024 5005001,125368,Marketing,"Hartford, CT",366546,236534
124422,Kwabena Johnson,024 7282800,100317,Sales,"Boston, MA",127969,236534
124423,Kwame Boafo,024 3129740,111392,HR,"Boston, MA",862842,236534
124424,Kwame Williams,024 5930583,105889,HR,"Boston, MA",983110,236534
124425,William Johnson,024 7284539,96245,Finance,"New York, NY",174081,236534
124426,Michael Miller,024 7039224,119310,Sales,"San Francisco, CA",883642,236534
124427,Kwame Doe,024 6299037,103682,HR,"Hartford, CT",277946,236534
124428,Sarah Smith,024 0467318,120969,Finance,"New York, NY",670251,236534
124429,John Brown,024 2226606,91369,Sales,"Boston, MA",788770,236534
124430,Michael Davis,024 2713764,97172,Digital Enablement,"Boston, MA",623589,236534
124431,Sarah Miller,024 8647324,109159,HR,"New York, NY",079704,236534
124432,Kwame Doe,024 2162632,92381,Digital Enablement,"Boston, MA",635001,236534
124433,Kwaku Johnson,024 4966969,113291,Digital Enablement,"Hartford, CT",127254,236534
124434,Michael Johnson,024 5709922,104977,HR,"San Francisco, CA",871047,236534
124435,Kwaku Smith,024 7601035,110386,Sales,"San Francisco, CA",126203,236534
124436,Kwame Johnson,024 9125958,93052,HR,"Boston, MA",426623,236534
124437,Kwame Davis,024 9295187,118332,Sales,"Chicago, IL",036784,236534
124438,William Davis,024 5306713,86964,Marketing,"Boston, MA",170584,236534
124439,John Doe,024 7604060,84023,Sales,"Chicago, IL",352652,236534
124440,Kwame Brown,024 7777621,109485,Finance,"Boston, MA",320530,236534
124441,Kwame Miller,024 2568080,114007,Finance,"San Francisco, CA",467521,236534
124442,John Johnson,024 8941610,120306,Sales,"Chicago, IL",289123,236534
124443,Jane Smith,024 6571157,119699,Marketing,"San Francisco, CA",847769,236534
124444,Kwame Johnson,024 4676275,97509,Sales,"San Francisco, CA",090685,236534
124445,Kwame Miller,024 8758952,80331,Marketing,"San Francisco, CA",427104,236534
124446,Michael Johnson,024 3246199,110702,Marketing,"Boston, MA",984760,236534
124447,John Brown,024 4747565,90319,Sales,"New York, NY",721663,236534
124448,Jane Boafo,024 7515101,123966,Finance,"San Francisco, CA",421493,236534
124449,Jane Boafo,024 1648733,108991,Digital Enablement,"Hartford, CT",568105,236534
124450,John Boafo,024 6905567,116652,Marketing,"Hartford, CT",247748,236534
124451,Kwame Brown,024 2066018,89608,Marketing,"New York, NY",922143,236534
124452,Michael Smith,024 1090735,117034,Digital Enablement,"San Francisco, CA",597568,236534
124453,Sarah Brown,024 8048318,120826,Sales,"New York, NY",628021,236534
124454,Jane Williams,024 5415987,100177,Marketing,"San Francisco, CA",029733,236534
124455,Kwabena Miller,024 7299528,117696,Digital Enablement,"Hartford, CT",310124,236534
124456,Jane Smith,024 0979319,99764,Digital Enablement,"San Francisco, CA",505015,236534
